Symbol,ETF Name,Asset Class,Total Assets ,YTD,Avg Volume,Previous Closing Price,1-Day Change,Inverse,Leveraged,1 Week,4 Week,1 year,3 year,5 year,YTD FF,1 Week FF,4 Week FF,1 Year FF,3 Year FF,5 Year FF,ETFdb.com Category,Inception,ER,Commission Free,Annual Dividend Rate,Dividend Date,Dividend,Annual Dividend Yield %,P/E Ratio,Beta,# of Holdings,% In Top 10,ST Cap Gain Rate,LT Cap Gain Rate,Tax Form,Lower Bollinger,Upper Bollinger,Support 1,Resistance 1,RSI,Overall Rating,Liquidity Rating,Expenses Rating,Returns Rating,Volatility Rating,Dividend Rating,Concentration Rating,ESG Score,ESG Score Peer Percentile (%),ESG Score Global Percentile (%),Carbon Intensity (Tons of CO2e / $M Sales),SRI Exclusion Criteria (%),Sustainable Impact Solutions (%)
AGG,iShares Core U.S. Aggregate Bond ETF,Bond,"$57,071,132,686.00",0.45%,"6,141,948",$106.97,-0.46%,No,No,0.27%,0.26%,2.01%,4.30%,10.60%,"-$287,411,342.00","-$181,387,424.00","-$787,901,899.00","$3,944,881,933.00","$26,956,813,884.00","$42,984,660,434.00",Total Bond Market,2003-09-22,0.05%,2 Platforms,$2.89,2018-12-18,$0.21,2.70%,0.00,-0.04,7619,6.44%,35%,15%,1099,$106.12,$107.15,$106.85,$107.12,62.60,A+,A+,A,A-,A-,B+,A,6.14,73.97%,71.15%,333.04,3.38%,1.05%
BND,Vanguard Total Bond Market ETF,Bond,"$36,982,657,772.00",0.83%,"2,943,894",$79.67,-0.52%,No,No,0.52%,0.53%,2.23%,5.54%,11.85%,"$277,429,000.00","$23,862,000.00","$229,805,000.00","$627,568,481.00","$10,016,207,945.48","$19,038,403,428.68",Total Bond Market,2007-04-10,0.05%,2 Platforms,$2.23,2019-02-01,$0.20,2.79%,0.00,-0.04,64,45.32%,35%,15%,1099,$78.79,$79.68,$79.55,$79.84,66.36,A,A,A,A-,B+,B+,A+,6.13,71.92%,70.97%,355.94,3.84%,1.22%
BSV,Vanguard Short-Term Bond ETF,Bond,"$23,944,569,102.00",0.42%,"3,493,945",$78.74,-0.40%,No,No,0.24%,0.36%,2.35%,3.52%,6.11%,"-$3,873,386,000.00","-$39,375,000.00","-$3,904,918,000.00","-$152,923,000.00","$6,856,993,273.03","$10,707,480,973.23",Total Bond Market,2007-04-10,0.07%,3 Platforms,$1.61,2019-02-01,$0.16,2.04%,0.00,-0.03,36,69.23%,35%,15%,1099,$78.26,$78.79,$78.70,$78.81,65.21,A,A,A,A-,A,C+,A,6.34,82.71%,77.26%,221.62,3.04%,1.27%
BNDX,Vanguard Total International Bond ETF,Bond,"$13,673,292,937.00",0.98%,"1,808,582",$54.73,-0.11%,No,No,0.28%,0.94%,4.47%,9.68%,20.54%,"$410,375,720.97","$6,934,373.74","$366,624,489.52","$2,847,585,816.70","$8,663,459,790.07","$12,177,435,167.76",Total Bond Market,2013-06-04,0.11%,Vanguard,$1.64,2019-02-01,$0.05,2.99%,0.00,-0.02,5233,4.77%,35%,15%,1099,$53.93,$54.82,$54.69,$54.76,74.76,A-,A,B+,A,B+,C+,N/A,6.26,65.85%,74.99%,150.77,1.90%,0.64%
MINT,PIMCO Enhanced Short Maturity Strategy Fund,Bond,"$11,853,323,153.00",0.23%,"1,462,739",$101.18,-0.22%,No,No,-0.12%,0.20%,1.79%,5.29%,6.24%,"-$346,757,420.10","-$78,018,124.80","-$219,543,300.20","$3,701,740,765.10","$7,440,928,544.70","$7,983,239,628.70",Total Bond Market,2009-11-16,0.42%,N/A,$2.34,2018-12-28,$0.23,2.31%,0.00,0.01,517,22.49%,35%,15%,1099,$100.89,$101.44,$101.16,$101.19,57.45,A+,A-,C+,A,A-,A,A+,4.89,9.77%,30.15%,262.78,7.51%,1.53%
BIV,Vanguard Intermediate-Term Bond ETF,Bond,"$11,594,989,298.00",1.30%,"1,284,874",$82.13,-0.57%,No,No,0.74%,1.01%,3.07%,5.45%,13.51%,"-$1,293,742,000.00","$24,564,000.00","-$1,244,846,000.00","-$3,364,262,808.00","$4,281,160,277.20","$8,910,175,277.20",Total Bond Market,2007-04-10,0.07%,3 Platforms,$2.37,2019-02-01,$0.22,2.87%,0.00,-0.06,41,63.31%,35%,15%,1099,$80.83,$82.12,$82.03,$82.27,69.06,A,A,A-,A+,B-,A-,A-,6.01,62.33%,66.43%,299.22,4.55%,1.72%
NEAR,iShares Short Maturity Bond ETF,Bond,"$5,729,724,447.00",0.34%,"1,485,379",$50.02,-0.18%,No,No,-0.06%,0.28%,1.80%,4.24%,5.60%,"-$184,813,058.50","-$7,514,952.00","-$15,262,579.50","$2,625,524,438.00","$3,456,645,703.50","$5,436,778,703.50",Total Bond Market,2013-09-25,0.25%,N/A,$1.12,2018-12-18,$0.09,2.24%,0.00,0.01,404,18.35%,35%,15%,1099,$49.82,$50.12,$50.01,$50.03,63.35,B,B+,B,A-,B,A-,N/A,N/A,N/A,N/A,N/A,N/A,N/A
SCHZ,Schwab U.S. Aggregate Bond ETF,Bond,"$5,711,956,451.00",0.59%,"875,194",$50.89,-0.53%,No,No,0.24%,0.34%,1.99%,5.03%,11.60%,"$122,001,693.00",$0.00,"$45,593,658.00","$808,350,460.00","$3,545,259,270.00","$5,271,085,742.00",Total Bond Market,2011-07-14,0.04%,Charles Schwab,$1.41,2018-12-19,$0.11,2.77%,0.00,-0.03,1378,35.70%,35%,15%,1099,$50.51,$50.98,$50.83,$50.97,62.39,A,A-,A+,A,A-,B+,A-,6.08,68.49%,69.18%,316.07,3.51%,1.05%
FTSM,First Trust Enhanced Short Maturity ETF,Bond,"$4,120,394,615.00",0.33%,"988,477",$59.92,0.00%,No,No,0.11%,0.28%,2.04%,4.87%,N/A,"$50,816,868.50",$0.00,"-$35,954,614.00","$2,719,252,033.00","$3,966,571,488.88","$5,813,084,482.00",Total Bond Market,2014-08-05,0.35%,N/A,$1.33,2019-01-31,$0.13,2.21%,0.00,-0.01,619,21.00%,35%,15%,1099,$59.68,$59.94,N/A,N/A,80.61,B+,B+,B,B,A+,C,N/A,5.17,17.81%,37.84%,376.53,10.97%,1.50%
SPAB,SPDR Portfolio Aggregate Bond ETF,Bond,"$3,789,496,474.00",0.50%,"1,247,969",$27.99,-0.53%,No,No,0.25%,0.36%,1.89%,4.35%,10.86%,"$181,652,388.00","$13,959,776.00","$72,540,415.00","$1,669,553,216.00","$2,733,423,059.00","$2,733,423,059.00",Total Bond Market,2007-05-23,0.04%,N/A,$0.82,2018-12-19,$0.07,2.93%,0.00,-0.02,969,29.97%,39%,20%,1099,$27.77,$28.05,$27.95,$28.04,61.42,N/A,N/A,N/A,N/A,N/A,N/A,N/A,6.11,69.86%,70.28%,336.66,3.41%,1.05%
BLV,Vanguard Long-Term Bond ETF,Bond,"$3,017,124,000.00",1.45%,"363,271",$88.50,-0.72%,No,No,1.05%,1.19%,-0.11%,11.65%,25.93%,"$261,725,000.00","$26,292,000.00","$209,243,000.00","$660,547,032.00","$1,304,940,032.00","$2,533,829,032.00",Total Bond Market,2007-04-10,0.07%,3 Platforms,$3.13,2019-02-01,$0.28,3.53%,0.00,-0.03,54,50.03%,35%,15%,1099,$86.42,$88.46,$88.30,$88.78,65.95,A-,B+,A,B,C,A,A,5.8,87.38%,59.35%,594.3,10.80%,2.40%
TOTL,SPDR DoubleLine Total Return Tactical ETF,Bond,"$3,002,594,322.00",0.59%,"517,848",$47.65,-0.46%,No,No,0.57%,0.40%,2.58%,5.23%,N/A,"$16,566,976.00",$0.00,"$14,205,406.00","-$398,122,620.00","$1,135,518,081.00","$3,030,494,704.00",Total Bond Market,2015-02-24,0.55%,N/A,$1.62,2018-12-19,$0.17,3.40%,0.00,-0.01,460,23.72%,35%,15%,1099,$47.36,$47.72,$47.59,$47.71,59.56,A-,A,C+,N/A,A-,A-,N/A,N/A,N/A,N/A,N/A,N/A,N/A
IUSB,iShares Core Total USD Bond Market ETF,Bond,"$2,871,347,103.00",0.74%,"338,731",$49.61,-0.48%,No,No,0.28%,0.49%,1.67%,6.11%,N/A,"-$49,624,230.00","-$49,624,230.00","-$49,624,230.00","$876,367,336.00","$2,427,233,484.00","$2,929,053,484.00",Total Bond Market,2014-06-10,0.06%,N/A,$1.47,2018-12-18,$0.10,2.95%,0.00,-0.06,7648,8.78%,35%,15%,1099,$49.18,$49.70,$49.56,$49.69,64.97,B+,B-,B+,B+,B,B,N/A,5.79,70.42%,59.08%,376.06,3.57%,1.09%
GVI,iShares Intermediate Government/Credit Bond ETF,Bond,"$2,281,634,795.00",0.37%,"246,208",$108.62,-0.44%,No,No,0.19%,0.33%,2.25%,2.75%,6.88%,"$173,454,155.00","$119,364,842.00","$119,364,842.00","$345,289,469.50","$430,286,588.50","$1,119,402,088.50",Total Bond Market,2007-01-11,0.20%,2 Platforms,$2.34,2018-12-18,$0.21,2.15%,0.00,-0.04,3123,13.14%,35%,15%,1099,$107.95,$108.85,$108.48,$108.89,60.61,A,A-,B+,A,A-,B-,B+,6.22,82.19%,73.72%,250.37,3.44%,1.42%
ISTB,iShares Core 1-5 Year USD Bond ETF,Bond,"$2,221,931,563.00",0.61%,"386,089",$49.36,-0.24%,No,No,0.16%,0.43%,2.22%,4.36%,6.38%,"-$142,358,220.00",$0.00,"-$147,261,900.00","$869,275,353.00","$1,728,723,748.00","$2,128,333,248.00",Total Bond Market,2012-10-18,0.06%,Fidelity,$1.26,2018-12-18,$0.10,2.56%,0.00,-0.01,3533,12.94%,35%,15%,1099,$49.08,$49.43,$49.34,$49.39,67.67,A-,B+,A-,B+,A,B-,B-,5.98,60.96%,65.71%,269.31,3.12%,1.25%
BOND,PIMCO Total Return ETF,Bond,"$2,010,666,995.00",0.77%,"172,948",$103.56,-0.48%,No,No,0.29%,0.61%,2.06%,6.99%,13.29%,"$77,183,987.50",$0.00,"$66,906,397.50","-$67,413,789.50","-$622,631,835.00","-$1,366,230,540.00",Total Bond Market,2012-02-29,0.76%,N/A,$3.56,2018-12-28,$0.30,3.44%,0.00,-0.01,245,33.58%,35%,15%,1099,$102.57,$103.75,$103.48,$103.65,64.58,B,A-,C,B-,B-,A-,B+,N/A,N/A,N/A,N/A,N/A,N/A
IAGG,iShares Core International Aggregate Bond ETF,Bond,"$1,181,502,647.00",0.42%,"160,305",$52.43,-0.29%,No,No,-0.06%,0.50%,4.29%,8.48%,N/A,"$112,245,568.50",$0.00,"$109,636,798.00","$535,591,627.50","$993,723,272.50","$1,120,218,272.50",International Government Bonds,2015-11-10,0.09%,N/A,$1.58,2018-12-18,$0.63,3.00%,0.00,-0.05,2917,4.67%,39%,20%,1099,$51.97,$52.59,$52.38,$52.50,63.92,N/A,N/A,A+,N/A,N/A,N/A,N/A,6.31,68.42%,76.25%,128.92,2.01%,0.82%
HTRB,Hartford Total Return Bond ETF,Bond,"$551,136,174.00",1.66%,"208,500",$39.35,0.23%,No,No,0.88%,1.62%,1.94%,N/A,N/A,"$40,757,444.00",$0.00,"$40,757,444.00","$522,635,275.00","$522,635,195.02","$522,635,195.02",Total Bond Market,2017-09-27,0.29%,N/A,$1.00,2019-01-24,$0.08,2.55%,0.00,-0.01,401,46.31%,39%,20%,1099,$38.69,$39.24,$39.35,$39.35,73.93,N/A,N/A,N/A,N/A,N/A,N/A,N/A,N/A,N/A,N/A,N/A,N/A,N/A
FBND,Fidelity Total Bond ETF,Bond,"$480,411,605.00",1.57%,"90,995",$49.18,-0.10%,No,No,0.66%,1.20%,2.21%,11.05%,N/A,"$14,558,323.50",$0.00,"$9,723,224.50","$121,315,245.50","$354,512,119.50","$439,183,760.50",Total Bond Market,2014-10-06,0.36%,Fidelity,$1.43,2019-01-29,$0.12,2.93%,0.00,0.06,947,35.71%,35%,15%,1099,$48.36,$49.14,$49.13,$49.27,77.60,B-,B-,B-,C+,B-,A,N/A,5.53,35.62%,49.84%,378.09,2.81%,0.77%
VBND,Vident Core U.S. Bond Strategy ETF,Bond,"$469,448,420.00",1.24%,"53,394",$47.98,-0.15%,No,No,0.86%,0.86%,2.06%,2.29%,N/A,"$19,087,900.00","$9,554,240.00","$19,087,900.00","-$113,977,730.00","$85,978,670.00","$458,568,860.00",Total Bond Market,2014-10-16,0.43%,N/A,$1.34,2018-12-19,$0.73,2.80%,0.00,-0.06,295,22.82%,35%,15%,1099,$47.34,$47.93,N/A,N/A,69.87,B,B-,B-,A,B,C+,N/A,N/A,N/A,N/A,N/A,N/A,N/A
FIXD,First Trust TCW Opportunistic Fixed Income ETF,Bond,"$439,659,944.00",0.98%,"103,677",$49.70,-0.18%,No,No,0.36%,0.52%,2.39%,N/A,N/A,"$22,283,972.00",$0.00,"$17,313,315.00","$154,876,474.00","$392,718,368.50","$392,718,368.50",Total Bond Market,2017-02-14,0.55%,N/A,$1.41,2019-01-23,$0.13,2.83%,0.00,0.01,604,28.74%,39%,20%,1099,$49.23,$49.70,$49.63,$49.81,67.10,N/A,N/A,N/A,N/A,N/A,N/A,N/A,N/A,N/A,N/A,N/A,N/A,N/A
AGGY,WisdomTree Barclays Yield Enhanced U.S. Aggregate Bond Fund,Bond,"$394,633,069.00",1.56%,"79,900",$48.85,-0.08%,No,No,0.69%,1.28%,1.34%,7.71%,N/A,"$19,299,872.00",$0.00,"$19,299,872.00","$59,409,059.00","$327,743,396.00","$401,707,480.40",Total Bond Market,2015-07-09,0.12%,N/A,$1.75,2019-01-22,$0.13,3.60%,0.00,0.02,1197,16.36%,35%,15%,1099,$48.00,$48.81,$48.76,$48.93,78.01,N/A,B,A-,N/A,N/A,C+,N/A,5.38,71.96%,44.32%,377.18,6.84%,2.21%
RAVI,FlexShares Ready Access Variable Income Fund,Bond,"$252,263,649.00",0.35%,"61,574",$75.29,-0.23%,No,No,-0.13%,0.39%,2.03%,4.59%,5.57%,$0.00,$0.00,$0.00,"$116,913,581.50","$158,352,595.00","$196,095,100.00",Corporate Bonds,2012-10-09,0.25%,N/A,$1.67,2018-12-21,$0.21,2.21%,0.00,0.01,171,18.56%,35%,15%,1099,$74.97,$75.47,$75.28,$75.30,56.50,C+,B-,C+,C+,A,C,C+,5.47,39.85%,47.82%,154.65,8.02%,3.40%
ILTB,iShares Core 10+ Year USD Bond ETF,Bond,"$228,042,095.00",2.07%,"33,947",$60.24,-0.81%,No,No,0.62%,1.33%,-0.32%,10.83%,25.47%,"$11,910,680.00","$5,976,066.00","$11,910,680.00","-$34,238,147.50","$90,587,733.00","$213,949,233.00",Total Bond Market,2009-12-08,0.06%,Fidelity,$2.44,2018-12-18,$0.25,4.07%,0.00,0.01,1760,17.62%,35%,15%,1099,$58.93,$60.40,$60.11,$60.44,64.37,B,B-,A-,C+,C,A,B,5.65,68.54%,53.91%,619.54,10.32%,2.20%
LDUR,PIMCO Low Duration ETF,Bond,"$225,765,871.00",0.21%,"19,489",$98.97,-0.28%,No,No,-0.06%,0.20%,1.77%,5.89%,9.70%,"$3,945,990.60",$0.00,"$3,945,990.60","$77,541,325.40","$125,828,846.20","$202,482,296.70",Total Bond Market,2014-01-22,1.02%,N/A,$2.99,2018-12-28,$0.37,3.02%,0.00,0.04,252,108.03%,39%,20%,1099,$98.58,$99.25,$98.89,$99.01,53.75,B-,B-,C,B+,B+,A-,B-,N/A,N/A,N/A,N/A,N/A,N/A
FFTI,FormulaFolios Income ETF,Bond,"$197,653,103.00",1.95%,"65,116",$23.57,-0.25%,No,No,0.75%,1.25%,-1.80%,N/A,N/A,"$3,522,465.50","-$1,577.00","$5,848,553.50","$55,653,972.00","$205,619,062.00","$205,619,062.00",Total Bond Market,2017-06-06,1.05%,N/A,$0.75,2018-12-17,$0.14,3.17%,N/A,0.00,10,100.00%,39%,20%,1099,$23.19,$23.54,$23.51,$23.61,60.84,N/A,N/A,N/A,N/A,N/A,N/A,N/A,N/A,N/A,N/A,N/A,N/A,N/A
PULS,PGIM Ultra Short Bond ETF,Bond,"$196,151,875.00",0.12%,"66,002",$49.98,-0.24%,No,No,-0.12%,0.08%,N/A,N/A,N/A,"$13,727,797.50","$1,251,327.50","$8,736,387.50","$162,511,895.00","$162,511,895.00","$162,511,895.00",Total Bond Market,2018-04-05,0.15%,N/A,$0.83,2018-12-03,$0.11,1.65%,0.00,0.03,204,16.65%,39%,20%,1099,$49.90,$50.11,$49.97,$50.00,48.29,N/A,N/A,N/A,N/A,N/A,N/A,N/A,5.54,45.11%,50.35%,446.97,9.08%,2.72%
UITB,USAA Core Intermediate-Term Bond ETF,Bond,"$192,449,462.00",1.68%,"14,755",$48.79,-0.25%,No,No,0.76%,1.47%,1.85%,N/A,N/A,"$7,248,075.00",$0.00,"$7,248,075.00","$118,848,277.50","$163,781,301.50","$163,781,301.50",Total Bond Market,2017-10-24,0.40%,N/A,$1.47,2019-01-24,$0.10,3.03%,0.00,-0.02,248,29.29%,39%,20%,1099,$47.88,$48.79,$48.75,$48.85,75.47,N/A,N/A,N/A,N/A,N/A,N/A,N/A,5.41,30.14%,45.44%,301.31,4.70%,1.06%
FTSD,Franklin Short Duration U.S. Government ETF,Bond,"$191,318,489.00",-0.11%,"12,671",$94.47,-0.11%,No,No,0.16%,0.39%,1.63%,2.92%,4.25%,$0.00,$0.00,$0.00,"$40,284,395.00","$32,667,708.50","$195,961,852.25",Total Bond Market,2013-11-04,0.25%,N/A,$2.56,2019-01-31,$0.21,2.71%,0.00,-0.01,362,17.93%,35%,15%,1099,$94.10,$94.56,$94.36,$94.58,58.55,N/A,N/A,C+,N/A,N/A,N/A,N/A,N/A,N/A,N/A,N/A,N/A,N/A
UCON,First Trust TCW Unconstrained Plus Bond ETF,Bond,"$186,372,988.00",1.42%,"89,826",$25.19,0.04%,No,No,0.20%,0.95%,N/A,N/A,N/A,"$49,958,327.00",$0.00,$0.00,"$160,410,092.00","$160,410,092.00","$160,410,092.00",Total Bond Market,2018-06-04,0.75%,N/A,$0.47,2019-01-23,$0.07,1.85%,0.00,0.14,505,32.93%,39%,20%,1099,$24.90,$25.21,N/A,N/A,63.29,N/A,N/A,N/A,N/A,N/A,N/A,N/A,N/A,N/A,N/A,N/A,N/A,N/A
JPGB,JPMorgan Global Bond Opportunities ETF,Bond,"$179,416,511.00",3.14%,"16,432",$48.65,0.60%,No,No,0.75%,2.83%,0.47%,N/A,N/A,$0.00,$0.00,$0.00,"$34,911,520.00","$161,919,497.00","$161,919,497.00",Total Bond Market,2017-04-03,0.55%,N/A,$2.71,2019-01-31,$0.15,5.59%,0.00,0.09,7647,8.82%,39%,20%,1099,$47.29,$48.61,$48.53,$48.72,71.68,N/A,N/A,N/A,N/A,N/A,N/A,N/A,4.67,8.62%,24.54%,276.14,3.95%,1.10%
ULST,SPDR SSgA Ultra Short Term Bond ETF,Bond,"$158,834,161.00",0.20%,"57,995",$40.23,-0.20%,No,No,-0.10%,0.21%,2.00%,4.57%,4.97%,"$2,010,724.00","$2,014,045.50","$2,010,724.00","$128,640,695.50","-$32,815,467.50","$144,968,408.50",Total Bond Market,2013-10-09,0.20%,N/A,$0.85,2018-12-19,$0.08,2.12%,0.00,0.01,183,23.27%,35%,15%,1099,$40.10,$40.31,$40.21,$40.25,57.38,B-,C+,A-,B,C+,B,N/A,5.97,72.18%,65.24%,48.4,4.45%,1.79%
FLTB,Fidelity Limited Term Bond ETF,Bond,"$123,921,914.00",0.57%,"45,253",$49.56,-0.22%,No,No,0.20%,0.66%,2.18%,5.05%,N/A,$0.00,$0.00,$0.00,"$17,386,849.50","-$141,465,636.50","$85,180,072.50",Total Bond Market,2014-10-06,0.36%,Fidelity,$1.27,2019-01-29,$0.11,2.57%,0.00,-0.02,258,35.00%,35%,15%,1099,$49.08,$49.60,$49.49,$49.66,66.05,B,A-,C+,A-,A-,B-,B+,5.2,19.18%,38.64%,384.64,8.72%,1.80%
XMPT,VanEck Vectors CEF Municipal Income ETF,Bond,"$123,166,777.00",5.19%,"40,397",$25.12,-0.16%,No,No,-0.16%,2.91%,3.45%,6.69%,31.08%,"-$2,471,359.50","-$1,255,822.00","-$1,255,822.00","$26,083,466.50","$68,170,017.00","$108,531,590.00",Total Bond Market,2011-07-12,1.56%,N/A,$1.20,2018-12-27,$0.11,4.79%,8.88,0.03,66,48.90%,35%,15%,1099,$24.51,$25.28,N/A,N/A,69.06,B,B+,C,A+,C,A+,C+,N/A,N/A,N/A,N/A,N/A,N/A
FIBR,iShares Edge U.S. Fixed Income Balanced Risk ETF,Bond,"$121,765,332.00",1.50%,"15,576",$97.21,-0.57%,No,No,0.44%,1.23%,1.73%,N/A,N/A,$0.00,$0.00,$0.00,"-$24,519,328.50","$50,249,317.50","$50,249,317.50",Total Bond Market,2015-02-24,0.25%,N/A,$3.46,2018-12-18,$0.28,3.53%,0.00,0.06,809,20.78%,39%,20%,1099,$95.98,$97.51,$97.09,$97.40,61.45,N/A,N/A,N/A,N/A,N/A,N/A,N/A,4.52,17.84%,18.84%,272.29,6.16%,1.99%
DWFI,SPDR Dorsey Wright Fixed Income Allocation ETF,Bond,"$107,326,021.00",2.30%,"38,139",$22.72,-0.44%,No,No,0.09%,1.52%,-7.58%,N/A,N/A,"-$3,382,949.25",$0.00,"-$2,826,754.25","-$21,116,432.00","$120,832,130.75","$120,832,130.75",Corporate Bonds,2016-06-01,0.60%,N/A,$0.83,2018-12-19,$0.10,3.65%,0.00,0.20,5,100.00%,39%,20%,1099,$22.44,$22.83,$22.71,$22.73,61.94,N/A,N/A,N/A,N/A,N/A,N/A,N/A,N/A,N/A,N/A,N/A,N/A,N/A
MINC,AdvisorShares Newfleet Multi-Sector Income ETF,Bond,"$104,994,100.00",0.92%,"19,311",$47.65,0.13%,No,No,0.23%,0.81%,1.61%,6.48%,9.69%,"-$14,271,873.00",$0.00,"-$14,271,873.00","-$78,945,863.00","-$132,328,713.00","$13,676,818.00",Total Bond Market,2013-03-19,0.75%,N/A,$1.37,2019-01-28,$0.11,2.86%,0.00,0.01,249,11.19%,35%,15%,1099,$47.21,$47.64,$47.59,$47.70,67.41,B,B,C,A-,A-,B+,A-,N/A,N/A,N/A,N/A,N/A,N/A
GBF,iShares Government/Credit Bond ETF,Bond,"$94,412,980.00",0.75%,"7,026",$111.26,-0.38%,No,No,0.32%,0.56%,1.58%,4.13%,10.36%,$0.00,$0.00,$0.00,"-$93,648,029.00","-$204,727,452.00","-$60,891,218.50",Total Bond Market,2007-01-11,0.20%,N/A,$2.86,2018-12-18,$0.27,2.58%,0.00,-0.02,1373,18.76%,35%,15%,1099,$110.11,$111.40,$111.21,$111.32,64.93,B+,B,B+,B+,B,B,B,6.09,92.06%,69.42%,370.85,4.74%,1.73%
BNDW,Vanguard Total World Bond ETF,Bond,"$92,291,500.00",0.94%,"21,534",$75.37,-0.29%,No,No,0.34%,0.78%,N/A,N/A,N/A,"$13,098,500.00","$1,879,000.00","$11,229,000.00","$84,093,000.00","$84,093,000.00","$84,093,000.00",Total Bond Market,2018-09-05,0.09%,N/A,$1.37,2019-02-01,$0.13,1.81%,0.00,-0.13,3,100.00%,39%,20%,1099,$74.40,$75.42,$75.32,$75.43,69.91,N/A,N/A,N/A,N/A,N/A,N/A,N/A,N/A,N/A,N/A,N/A,N/A,N/A
STOT,SPDR DoubleLine Short Duration Total Return Tactical ETF,Bond,"$87,769,404.00",0.47%,"14,900",$48.87,-0.22%,No,No,0.13%,0.41%,1.94%,N/A,N/A,"$4,867,233.00",$0.00,"$4,867,233.00","$38,945,015.50","$38,532,186.00","$38,532,186.00",Total Bond Market,2016-04-13,0.45%,N/A,$1.22,2018-12-19,$0.12,2.49%,0.00,-0.01,193,108.35%,39%,20%,1099,$48.61,$48.94,$48.82,$48.91,61.56,N/A,N/A,A-,N/A,N/A,N/A,N/A,N/A,N/A,N/A,N/A,N/A,N/A
DIAL,Columbia Diversified Fixed Income Allocation ETF,Bond,"$81,505,521.00",2.84%,"38,477",$19.41,-0.15%,No,No,0.65%,2.46%,1.45%,N/A,N/A,"-$16,232,808.00",$0.00,"-$16,232,808.00","$27,603,816.50","$53,515,149.00","$53,515,149.00",Total Bond Market,2017-10-12,0.28%,N/A,$0.67,2018-12-26,$0.06,3.48%,0.00,0.05,119,54.41%,39%,20%,1099,$18.95,$19.47,$19.38,$19.43,74.64,N/A,N/A,N/A,N/A,N/A,N/A,N/A,5.0,38.03%,33.20%,624.25,4.14%,1.14%
AGZD,WisdomTree Barclays Interest Rate Hedged U.S. Aggregate Bond Fund,Bond,"$80,828,944.00",0.50%,"26,239",$47.39,-0.17%,No,No,-0.13%,0.02%,0.71%,7.43%,5.11%,$0.00,$0.00,$0.00,"$57,277,527.00","$57,294,132.00","$73,554,957.00",Total Bond Market,2013-12-18,0.23%,2 Platforms,$1.26,2019-01-22,$0.11,2.65%,0.00,0.09,845,18.57%,35%,15%,1099,$47.12,$47.53,$47.28,$47.58,51.50,C+,C+,B,C,B,B-,N/A,N/A,N/A,N/A,N/A,N/A,N/A
NFLT,Newfleet Multi-Sector Unconstrained Bond ETF,Bond,"$76,587,137.00",1.93%,"39,071",$23.84,-0.17%,No,No,0.40%,2.23%,-1.03%,9.93%,N/A,"-$2,377,842.00",$0.00,"-$2,377,842.00","-$71,334,366.50","-$87,352,592.50","-$41,348,003.50",Total Bond Market,2015-08-10,0.80%,N/A,$1.18,2019-01-22,$0.05,4.93%,0.00,0.09,246,39.56%,35%,15%,1099,$23.44,$23.94,$23.78,$23.92,64.85,C,B,C,N/A,C+,C,N/A,N/A,N/A,N/A,N/A,N/A,N/A
USTB,USAA Core Short-Term Bond ETF,Bond,"$67,088,611.00",0.76%,"2,552",$49.76,-0.06%,No,No,0.24%,0.60%,2.31%,N/A,N/A,$0.00,$0.00,$0.00,"$22,225,572.50","$42,194,552.00","$42,194,552.00",Total Bond Market,2017-10-24,0.35%,N/A,$1.19,2019-01-24,$0.09,2.39%,0.00,-0.02,136,18.12%,39%,20%,1099,$49.40,$49.78,$49.71,$49.82,74.62,N/A,N/A,N/A,N/A,N/A,N/A,N/A,4.9,10.53%,30.61%,242.32,6.27%,1.01%
HOLD,AdvisorShares Sage Core Reserves ETF,Bond,"$67,056,664.00",0.42%,"3,152",$99.35,0.00%,No,No,0.12%,0.43%,2.13%,4.92%,4.87%,$0.00,$0.00,$0.00,"$14,913,570.00","$32,316,944.50","$34,832,680.50",Total Bond Market,2014-01-14,0.35%,N/A,$1.99,2019-01-28,$0.18,2.01%,0.00,0.02,115,27.86%,35%,15%,1099,$98.87,$99.39,$99.27,$99.39,76.35,B-,C,B-,B,A,C,N/A,N/A,N/A,N/A,N/A,N/A,N/A
NUAG,NuShares Enhanced Yield U.S. Aggregate Bond ETF,Bond,"$63,170,820.00",0.99%,"15,866",$23.41,-0.26%,No,No,0.41%,0.64%,0.29%,N/A,N/A,"-$2,319,930.00",$0.00,"-$2,319,930.00","-$32,060,830.00","$16,695,786.00","$16,695,786.00",Total Bond Market,2016-09-14,0.20%,N/A,$0.84,2018-12-26,$0.07,3.61%,0.00,-0.01,227,61.54%,39%,20%,1099,$23.11,$23.43,$23.39,$23.45,68.63,N/A,N/A,N/A,N/A,N/A,N/A,N/A,5.32,24.66%,42.63%,728.07,8.24%,1.68%
EAGG,iShares ESG U.S. Aggregate Bond ETF,Bond,"$56,264,505.00",0.56%,"5,514",$51.23,-0.60%,No,No,0.26%,0.35%,N/A,N/A,N/A,$0.00,$0.00,$0.00,"$5,020,297.00","$5,020,297.00","$5,020,297.00",Total Bond Market,2018-10-18,0.10%,N/A,$0.31,2018-12-18,$0.13,0.60%,0.00,-0.10,393,30.66%,39%,20%,1099,$50.79,$51.43,$51.21,$51.26,61.35,N/A,N/A,N/A,N/A,N/A,N/A,N/A,N/A,N/A,N/A,N/A,N/A,N/A
FCOR,Fidelity Corporate Bond ETF,Bond,"$53,433,350.00",2.55%,"5,137",$48.72,0.10%,No,No,0.96%,2.63%,0.80%,14.52%,N/A,$0.00,$0.00,$0.00,"-$16,967,453.50","$38,436,882.50","$26,012,272.00",Corporate Bonds,2014-10-06,0.36%,Fidelity,$1.76,2019-01-29,$0.15,3.64%,0.00,0.13,227,16.11%,35%,15%,1099,$47.21,$48.68,N/A,N/A,77.60,C+,C,C,C+,B-,A-,C+,4.84,21.96%,29.11%,421.23,9.45%,1.19%
IMTB,iShares Core 5-10 Year USD Bond ETF,Bond,"$53,134,991.00",1.04%,"9,211",$48.50,-0.49%,No,No,0.41%,0.91%,2.84%,N/A,N/A,"$4,814,563.00","$4,814,563.00","$4,814,563.00","$14,343,643.00","$29,114,445.00","$29,114,445.00",Total Bond Market,2016-11-01,0.06%,N/A,$1.46,2018-12-18,$0.12,3.02%,0.00,-0.05,825,21.82%,20%,39%,1099,$48.02,$48.67,$48.29,$48.91,63.59,N/A,N/A,N/A,N/A,N/A,N/A,N/A,N/A,N/A,N/A,N/A,N/A,N/A
NUBD,NuShares ESG U.S. Aggregate Bond ETF,Bond,"$51,076,200.00",0.66%,"10,766",$24.42,-0.25%,No,No,0.37%,0.25%,2.16%,N/A,N/A,$0.00,$0.00,$0.00,"$9,580,940.00","$12,081,210.00","$12,081,210.00",Total Bond Market,2017-09-29,0.20%,N/A,$0.69,2018-12-26,$0.06,2.83%,0.00,-0.05,150,73.44%,39%,20%,1099,$24.22,$24.43,$24.40,$24.44,68.69,N/A,N/A,N/A,N/A,N/A,N/A,N/A,6.74,97.26%,88.05%,215.66,1.43%,2.41%
IMFP,Invesco Multi-Factor Core Plus Fixed Income ETF,Bond,"$50,355,485.00",1.44%,0,$25.20,-0.16%,No,No,0.48%,1.19%,N/A,N/A,N/A,$0.00,$0.00,$0.00,$0.00,$0.00,$0.00,Total Bond Market,2018-07-25,0.16%,N/A,$0.35,2019-01-22,$0.08,1.37%,0.00,0.00,346,18.47%,39%,20%,1099,$24.82,$25.21,$25.20,$25.20,78.11,N/A,N/A,N/A,N/A,N/A,N/A,N/A,4.94,33.33%,31.69%,403.62,6.59%,2.13%
OKDCC,Eaton Vance Oaktree Diversified Credit NextShares,Bond,"$49,379,152.00",-0.10%,"12,189",$99.96,-0.10%,No,No,-0.10%,-0.10%,0.17%,N/A,N/A,$0.00,$0.00,$0.00,"$25,358,553.38","$25,865,113.38","$25,865,113.38",Total Bond Market,2017-11-15,0.90%,N/A,$0.47,2018-12-03,$0.07,0.47%,0.00,0.00,N/A,N/A,N/A,N/A,N/A,$99.77,$100.09,$99.96,$99.96,57.42,N/A,N/A,N/A,N/A,N/A,N/A,N/A,N/A,N/A,N/A,N/A,N/A,N/A
AFIF,Anfield Universal Fixed Income ETF,Bond,"$49,328,231.00",0.87%,"47,100",$9.98,0.00%,No,No,0.10%,0.82%,N/A,N/A,N/A,"-$249,409.75",$0.00,"-$249,409.75","$48,399,519.25","$48,399,519.25","$48,399,519.25",Total Bond Market,2018-09-18,1.00%,N/A,$0.08,2019-01-15,$0.01,0.77%,0.00,0.12,3,100.00%,39%,20%,1099,$9.78,$10.07,N/A,N/A,60.95,N/A,N/A,N/A,N/A,N/A,N/A,N/A,N/A,N/A,N/A,N/A,N/A,N/A
SHAG,WisdomTree Barclays Yield Enhanced U.S. Short-Term Aggregate BondFund,Bond,"$49,095,070.00",0.81%,"11,344",$49.17,-0.20%,No,No,0.40%,0.67%,2.27%,N/A,N/A,"$9,758,860.00",$0.00,"$9,758,860.00","$19,492,161.00","$44,279,441.12","$44,279,441.12",Total Bond Market,2017-05-18,0.12%,N/A,$1.35,2019-01-22,$0.10,2.75%,0.00,-0.03,278,24.82%,39%,20%,1099,$48.66,$49.19,N/A,N/A,68.22,N/A,N/A,N/A,N/A,N/A,N/A,N/A,5.53,36.30%,49.89%,270.65,7.61%,1.96%
JMST,JPMorgan Ultra-Short Municipal ETF,Bond,"$45,213,410.00",0.19%,"11,471",$50.28,-0.02%,No,No,0.03%,0.16%,N/A,N/A,N/A,"$7,534,339.50",$0.00,"$2,513,639.50","$20,068,600.50","$20,068,600.50","$20,068,600.50",Total Bond Market,2018-10-16,0.18%,N/A,$0.25,2019-01-31,$0.07,0.49%,0.00,-0.02,N/A,N/A,39%,20%,1099,$50.20,$50.31,N/A,N/A,75.29,N/A,N/A,N/A,N/A,N/A,N/A,N/A,N/A,N/A,N/A,N/A,N/A,N/A
BNDC,FlexShares Core Select Bond Fund,Bond,"$43,171,737.00",1.31%,"12,242",$24.30,-0.08%,No,No,0.45%,0.73%,1.00%,N/A,N/A,"-$1,808,225.25",$0.00,"-$3,611,338.50","$29,515,739.00","$40,140,718.00","$40,140,718.00",Total Bond Market,2016-11-21,0.35%,N/A,$0.69,2018-12-28,$0.06,2.83%,0.00,-0.05,9,100.00%,20%,39%,1099,$23.96,$24.34,$24.29,$24.33,64.97,N/A,N/A,N/A,N/A,N/A,N/A,N/A,N/A,N/A,N/A,N/A,N/A,N/A
FFIU,Fieldstone/UVA Unconstrained Medium-Term Fixed Income ETF,Bond,"$42,742,754.00",2.25%,"6,289",$24.50,0.20%,No,No,0.95%,2.14%,2.11%,N/A,N/A,$0.00,$0.00,$0.00,"-$1,152,688.00","$27,469,722.50","$27,469,722.50",Corporate Bonds,2017-08-21,0.46%,N/A,$0.65,2019-01-30,$0.06,2.66%,0.00,2.53,114,21.97%,39%,20%,1099,$23.95,$24.50,$24.50,$24.50,73.37,N/A,N/A,N/A,N/A,N/A,N/A,N/A,4.91,27.57%,30.85%,108.45,4.71%,8.38%
IMFI,Invesco Multi-Factor Income ETF,Bond,"$40,598,329.00",1.61%,N/A,$25.38,0.04%,No,No,0.59%,1.41%,N/A,N/A,N/A,$0.00,$0.00,$0.00,$0.00,$0.00,$0.00,Total Bond Market,2018-12-06,0.16%,N/A,$0.16,2019-01-22,$0.10,0.65%,0.00,0.00,280,27.26%,39%,20%,1099,$24.93,$25.38,$25.38,$25.38,74.93,N/A,N/A,N/A,N/A,N/A,N/A,N/A,N/A,N/A,N/A,N/A,N/A,N/A
GTO,Invesco Total Return Bond ETF,Bond,"$40,565,320.00",1.61%,"10,245",$50.69,-0.39%,No,No,0.43%,1.14%,1.16%,N/A,N/A,$0.00,$0.00,$0.00,"-$23,416,731.00","$21,255,163.50","$21,255,163.50",Total Bond Market,2016-02-10,0.51%,N/A,$2.53,2019-01-22,$0.15,4.99%,0.00,0.08,140,24.52%,39%,20%,1099,$49.98,$50.78,$50.58,$50.89,63.58,N/A,N/A,B-,N/A,N/A,N/A,N/A,N/A,N/A,N/A,N/A,N/A,N/A
JAGG,JPMorgan U.S. Aggregate Bond ETF,Bond,"$32,932,286.00",0.64%,N/A,$25.35,-0.31%,No,No,0.50%,0.54%,N/A,N/A,N/A,"$7,604,416.50","$6,343,050.00","$7,604,416.50","$7,604,416.50","$7,604,416.50","$7,604,416.50",Total Bond Market,2018-12-12,0.07%,N/A,$0.10,2019-01-31,$0.06,0.38%,0.00,0.00,87,83.60%,39%,20%,1099,$25.09,$25.38,$25.33,$25.39,63.64,N/A,N/A,N/A,N/A,N/A,N/A,N/A,N/A,N/A,N/A,N/A,N/A,N/A
JMUB,JP Morgan Municipal ETF,Bond,"$31,004,234.00",1.17%,0,$51.79,0.15%,No,No,0.47%,0.71%,N/A,N/A,N/A,"$2,577,070.50","$2,577,070.50","$2,577,070.50","$5,129,052.50","$5,129,052.50","$5,129,052.50",Total Bond Market,2018-10-29,0.24%,N/A,$0.33,2019-01-31,$0.10,0.64%,0.00,-0.12,N/A,N/A,39%,20%,1099,$51.26,$51.76,$51.75,$51.86,83.88,N/A,N/A,N/A,N/A,N/A,N/A,N/A,N/A,N/A,N/A,N/A,N/A,N/A
OPER,ClearShares OPER ETF,Bond,"$30,069,600.00",0.20%,"1,327",$100.22,0.01%,No,No,0.04%,0.17%,N/A,N/A,N/A,"$5,003,250.00",$0.00,"$5,003,250.00","$10,006,340.00","$10,006,340.00","$10,006,340.00",Total Bond Market,2018-07-11,0.30%,N/A,$0.89,2018-12-28,$0.89,0.89%,0.00,0.36,N/A,N/A,39%,20%,1099,$100.03,$100.25,$100.22,$100.22,62.60,N/A,N/A,N/A,N/A,N/A,N/A,N/A,N/A,N/A,N/A,N/A,N/A,N/A
NUSA,NuShares Enhanced Yield 1-5 Year U.S. Aggregate Bond ETF,Bond,"$29,221,800.00",0.35%,"1,820",$24.41,-0.33%,No,No,0.08%,0.18%,1.97%,N/A,N/A,$0.00,$0.00,$0.00,"$9,724,740.00","-$260,160.00","-$260,160.00",Total Bond Market,2017-03-31,0.20%,N/A,$0.72,2018-12-26,$0.06,2.94%,0.00,-0.02,120,49.75%,39%,20%,1099,$24.28,$24.46,$24.39,$24.41,62.24,N/A,N/A,N/A,N/A,N/A,N/A,N/A,5.71,49.32%,56.31%,615.55,8.80%,1.85%
BYLD,iShares Yield Optimized Bond ETF,Bond,"$27,942,809.00",2.77%,"12,168",$24.28,-0.12%,No,No,0.81%,2.27%,2.16%,10.70%,N/A,"-$1,185,473.00",$0.00,$0.00,"-$7,011,406.00","$20,364,751.50","$24,324,751.50",Total Bond Market,2014-04-22,0.25%,N/A,$1.00,2018-12-28,$0.12,4.12%,0.00,0.07,8,100.00%,35%,15%,1099,$23.69,$24.28,$24.24,$24.31,76.84,B,C+,B,B-,B-,A,N/A,N/A,N/A,N/A,N/A,N/A,N/A
LSST,Natixis Short Duration Income ETF,Bond,"$27,236,820.00",0.91%,"2,562",$24.77,0.00%,No,No,0.33%,0.78%,1.91%,N/A,N/A,$0.00,$0.00,$0.00,"$4,948,608.00","$7,446,121.00","$7,446,121.00",Corporate Bonds,2017-12-27,0.38%,N/A,$0.66,2019-01-28,$0.05,2.65%,0.00,0.06,227,27.28%,39%,20%,1099,$24.55,$24.77,$24.76,$24.78,89.01,N/A,N/A,N/A,N/A,N/A,N/A,N/A,N/A,N/A,N/A,N/A,N/A,N/A
GRNB,VanEck Vectors Green Bond ETF,Bond,"$25,769,374.00",0.72%,"2,698",$25.77,-0.23%,No,No,0.45%,1.12%,-4.93%,N/A,N/A,$0.00,$0.00,$0.00,"$13,115,914.00","$21,099,485.00","$21,099,485.00",Total Bond Market,2017-03-03,0.30%,N/A,$0.31,2018-12-27,$0.03,1.20%,0.00,0.05,179,20.54%,20%,39%,1099,$25.39,$25.81,$25.73,$25.80,59.80,N/A,N/A,N/A,N/A,N/A,N/A,N/A,7.31,96.86%,96.58%,524.17,14.40%,3.41%
AGND,WisdomTree Barclays Negative Duration U.S. Aggregate Bond Fund,Bond,"$25,734,691.00",0.99%,"16,205",$42.82,0.63%,No,No,-0.26%,1.01%,0.06%,8.63%,-1.56%,"-$17,082,500.00",$0.00,"-$17,082,500.00","$663,717.00","$5,060,102.00","$10,572,239.48",Total Bond Market,2013-12-18,0.28%,E*TRADE,$1.21,2019-01-22,$0.11,2.83%,0.00,0.19,584,14.71%,35%,15%,1099,$42.26,$42.94,$42.61,$42.98,51.01,C,C+,B,C,C,B-,N/A,N/A,N/A,N/A,N/A,N/A,N/A
WBND,Western Asset Total Return ETF,Bond,"$25,653,518.00",2.35%,"6,855",$25.71,-0.66%,No,No,0.63%,1.62%,N/A,N/A,N/A,$0.00,$0.00,$0.00,$0.00,$0.00,$0.00,Total Bond Market,2018-10-03,0.45%,N/A,$0.14,2018-12-26,$0.07,0.53%,0.00,0.00,N/A,N/A,39%,20%,1099,$24.95,$25.80,$25.70,$25.74,65.11,N/A,N/A,N/A,N/A,N/A,N/A,N/A,N/A,N/A,N/A,N/A,N/A,N/A
BGRN,iShares Global Green Bond ETF,Bond,"$25,597,422.00",1.35%,N/A,$51.38,-0.25%,No,No,0.31%,1.16%,N/A,N/A,N/A,$0.00,$0.00,$0.00,$0.00,$0.00,$0.00,Total Bond Market,2018-11-13,0.20%,N/A,$0.11,2018-12-18,$0.11,0.21%,0.00,0.00,174,20.15%,39%,20%,1099,$50.42,$51.52,$51.38,$51.38,83.26,N/A,N/A,N/A,N/A,N/A,N/A,N/A,7.3,96.64%,96.48%,636.72,13.67%,2.26%
IMFC,Invesco Multi-Factor Core Fixed Income ETF,Bond,"$25,240,625.00",0.62%,0,$25.24,-0.24%,No,No,0.46%,0.50%,N/A,N/A,N/A,$0.00,$0.00,$0.00,$0.00,$0.00,$0.00,Total Bond Market,2018-07-25,0.12%,N/A,$0.41,2019-01-22,$0.07,1.64%,0.00,-0.20,173,12.01%,39%,20%,1099,$25.01,$25.25,$25.24,$25.24,66.96,N/A,N/A,N/A,N/A,N/A,N/A,N/A,N/A,N/A,N/A,N/A,N/A,N/A
PBND,Invesco PureBetaSM US Aggregate Bond ETF,Bond,"$24,362,134.00",0.91%,392,$24.38,-0.20%,No,No,0.56%,0.70%,1.74%,N/A,N/A,$0.00,$0.00,$0.00,$0.00,$0.00,$0.00,Total Bond Market,2017-09-29,0.05%,N/A,$0.73,2019-01-22,$0.06,2.99%,0.00,-0.06,177,13.64%,39%,20%,1099,$24.10,$24.37,$24.36,$24.39,70.42,N/A,N/A,N/A,N/A,N/A,N/A,N/A,6.15,75.34%,71.54%,352.59,6.42%,1.91%
AWTM,Aware Ultra-Short Duration Enhanced Income ETF,Bond,"$21,282,002.00",N/A,N/A,$50.09,0.00%,No,No,N/A,N/A,N/A,N/A,N/A,"$11,255,187.50","$11,255,187.50","$11,255,187.50","$11,255,187.50","$11,255,187.50","$11,255,187.50",Total Bond Market,2019-01-29,0.23%,N/A,$0.00,N/A,N/A,0.00%,N/A,0.00,34,51.87%,39%,20%,1099,N/A,N/A,$50.09,$50.10,"",N/A,N/A,N/A,N/A,N/A,N/A,N/A,N/A,N/A,N/A,N/A,N/A,N/A
IMFD,Invesco Multi-Factor Defensive Core Fixed Income ETF,Bond,"$20,188,489.00",0.64%,N/A,$25.26,0.04%,No,No,0.32%,0.34%,N/A,N/A,N/A,$0.00,$0.00,$0.00,$0.00,$0.00,$0.00,Total Bond Market,2018-12-06,0.12%,N/A,$0.12,2019-01-22,$0.07,0.46%,0.00,0.00,164,17.61%,39%,20%,1099,$25.10,$25.24,$25.26,$25.26,61.95,N/A,N/A,N/A,N/A,N/A,N/A,N/A,N/A,N/A,N/A,N/A,N/A,N/A
FWDB,AdvisorShares Madrona Global Bond ETF,Bond,"$18,082,673.00",2.99%,"1,429",$24.86,-0.28%,No,No,0.31%,2.16%,-5.19%,13.44%,15.36%,$0.00,$0.00,$0.00,$0.00,"-$6,811,394.25","-$3,452,011.50",Total Bond Market,2011-06-20,1.41%,N/A,$1.00,2019-01-28,$0.06,4.01%,0.00,0.16,13,92.54%,35%,15%,1099,$24.35,$24.94,$24.78,$24.91,65.25,C,C+,C,C+,C+,A-,C,N/A,N/A,N/A,N/A,N/A,N/A
KCNY,KraneShares E Fund China Commercial Paper ETF,Bond,"$11,980,218.00",3.00%,"1,173",$34.30,-0.58%,No,No,0.21%,3.51%,-1.55%,9.03%,N/A,$0.00,$0.00,$0.00,$0.00,"-$15,002,832.50","-$7,017,900.24",Total Bond Market,2014-12-02,0.62%,N/A,$1.79,2019-01-29,$0.12,5.19%,0.00,0.12,1,0.00%,35%,15%,1099,$33.13,$34.69,$34.22,$34.47,64.83,C+,B+,C+,B+,A+,C+,C,N/A,N/A,N/A,N/A,N/A,N/A
CRUSC,Calvert Ultra-Short Duration Income NextShares,Bond,"$9,959,300.00",-0.04%,450,$99.98,-0.04%,No,No,-0.04%,-0.04%,N/A,N/A,N/A,$0.00,$0.00,$0.00,-$10.02,-$10.02,-$10.02,Total Bond Market,2018-01-09,0.38%,N/A,$0.16,2018-12-03,$0.02,0.16%,0.00,0.00,N/A,N/A,N/A,N/A,N/A,N/A,N/A,$99.98,$99.98,"",N/A,N/A,N/A,N/A,N/A,N/A,N/A,N/A,N/A,N/A,N/A,N/A,N/A
MCEF,First Trust Municipal CEF Income Opportunity ETF,Bond,"$8,973,968.00",4.11%,"10,305",$17.89,0.28%,No,No,0.11%,2.27%,2.64%,N/A,N/A,$0.00,$0.00,$0.00,"-$5,193,595.00","$7,731,167.00","$7,731,167.00",Total Bond Market,2016-09-27,2.37%,N/A,$0.64,2019-01-11,$0.05,3.59%,0.00,0.09,44,39.21%,20%,39%,1099,$17.08,$18.13,$17.87,$17.94,67.94,N/A,N/A,N/A,N/A,N/A,N/A,N/A,N/A,N/A,N/A,N/A,N/A,N/A
EVLMC,Eaton Vance TABS 5 to 15 Year Laddered Municipal NextShares,Bond,"$7,042,628.00",0.00%,867,$99.96,0.00%,No,No,0.00%,0.00%,N/A,N/A,N/A,$0.00,$0.00,$0.00,"$3,465,388.50","$67,197,464.88","$67,197,464.88",Total Bond Market,2016-03-30,0.35%,N/A,$0.13,2018-12-03,$0.02,0.13%,0.00,0.00,N/A,N/A,N/A,N/A,N/A,N/A,N/A,N/A,N/A,"",N/A,N/A,N/A,N/A,N/A,N/A,N/A,N/A,N/A,N/A,N/A,N/A,N/A
WYDE,ProShares CDS Short North American HY Credit ETF,Bond,"$6,356,325.00",-3.02%,"1,292",$31.79,0.09%,No,No,-1.23%,-2.30%,-1.76%,-16.76%,N/A,$0.00,$0.00,$0.00,"$3,214,021.50","$3,588,410.50","$3,664,450.59",Total Bond Market,2014-08-05,0.50%,N/A,$0.00,N/A,N/A,0.00%,0.00,-0.28,N/A,N/A,35%,15%,1099,$31.77,$32.51,N/A,N/A,36.82,N/A,N/A,B,N/A,N/A,N/A,C,N/A,N/A,N/A,N/A,N/A,N/A
FLIA,Franklin Liberty International Aggregate Bond ETF,Bond,"$4,938,781.00",2.15%,0,$24.72,-0.32%,No,No,0.84%,1.50%,N/A,N/A,N/A,$0.00,$0.00,$0.00,$0.00,$0.00,$0.00,International Government Bonds,2018-05-30,0.35%,N/A,$0.33,2019-01-31,$0.03,1.35%,0.00,-0.53,29,62.00%,39%,20%,1099,$24.24,$24.75,$24.72,$24.72,67.98,N/A,N/A,N/A,N/A,N/A,N/A,N/A,6.01,51.18%,66.68%,23.87,0.00%,0.00%
SAGG,Direxion Daily Total Bond Market Bear 1x Shares,Bond,"$3,149,424.00",-0.30%,482,$31.48,0.22%,Yes,No,-0.49%,-0.29%,0.82%,-2.42%,-9.51%,$0.00,$0.00,$0.00,$0.00,$0.00,"-$1,345,380.00",Inverse Bonds,2011-03-23,0.50%,N/A,$0.41,2018-12-27,$0.12,1.29%,0.00,0.06,7618,6.43%,35%,15%,1099,$31.30,$31.85,$31.48,$31.48,39.84,C+,B,A-,B,B,N/A,N/A,N/A,N/A,N/A,N/A,N/A,N/A
GLBY,WisdomTree Yield Enhanced Global Aggregate Bond Fund,Bond,"$2,544,518.00",1.42%,N/A,$25.50,-0.04%,No,No,0.49%,1.32%,N/A,N/A,N/A,$0.00,$0.00,$0.00,$0.00,$0.00,$0.00,Total Bond Market,2018-12-13,0.20%,N/A,$0.10,2019-01-22,$0.04,0.41%,0.00,0.00,81,71.59%,39%,20%,1099,$25.02,$25.50,$25.50,$25.50,64.26,N/A,N/A,N/A,N/A,N/A,N/A,N/A,N/A,N/A,N/A,N/A,N/A,N/A
